{
	"ordering": [["A1",
	"A2",
	"A3",
	"A4",
	"A5"],
	["B1",
	"B2",
	"B3",
	"B4"],
	["C1",
	"C2",
	"C3",
	"C4"],
	["D1",
	"D2",
	"D3"]],
	"brand": {
		"brand": "Parhelia",
		"brandId": ["Omni-Stainer S12 with Thermal Sheath"]
	},
	"metadata": {
		"displayName": "Omni-Stainer S12 (for slides) with Thermal Sheath",
		"displayCategory": "wellPlate",
		"displayVolumeUnits": "µL",
		"tags": []
	},
	"dimensions": {
		"xDimension": 127.71,
		"yDimension": 85.43,
		"zDimension": 102
	},
	"wells": {
		"A1": {
			"depth": 0,
			"totalLiquidVolume": 300,
			"shape": "circular",
			"diameter": 10,
			"x": 9.8,
			"y": 77.7,
			"z": 96
		},
		"A2": {
			"depth": 34.5,
			"totalLiquidVolume": 300,
			"shape": "circular",
			"diameter": 10,
			"x": 41.7,
			"y": 70.7,
			"z": 61.5
		},
		"B1": {
			"depth": 34.5,
			"totalLiquidVolume": 300,
			"shape": "circular",
			"diameter": 10,
			"x": 41.7,
			"y": 44.6,
			"z": 61.5
		},
		"C1": {
			"depth": 34.5,
			"totalLiquidVolume": 300,
			"shape": "circular",
			"diameter": 10,
			"x": 41.7,
			"y": 18.6,
			"z": 61.5
		},
		"A3": {
			"depth": 34.5,
			"totalLiquidVolume": 300,
			"shape": "circular",
			"diameter": 10,
			"x": 62.7,
			"y": 70.7,
			"z": 61.5
		},
		"B2": {
			"depth": 34.5,
			"totalLiquidVolume": 300,
			"shape": "circular",
			"diameter": 10,
			"x": 62.7,
			"y": 44.6,
			"z": 61.5
		},
		"C2": {
			"depth": 34.5,
			"totalLiquidVolume": 300,
			"shape": "circular",
			"diameter": 10,
			"x": 62.7,
			"y": 18.6,
			"z": 61.5
		},
		"A4": {
			"depth": 34.5,
			"totalLiquidVolume": 300,
			"shape": "circular",
			"diameter": 10,
			"x": 83.7,
			"y": 70.7,
			"z": 61.5
		},
		"B3": {
			"depth": 34.5,
			"totalLiquidVolume": 300,
			"shape": "circular",
			"diameter": 10,
			"x": 83.7,
			"y": 44.6,
			"z": 61.5
		},
		"C3": {
			"depth": 34.5,
			"totalLiquidVolume": 300,
			"shape": "circular",
			"diameter": 10,
			"x": 83.7,
			"y": 18.6,
			"z": 61.5
		},
		"A5": {
			"depth": 34.5,
			"totalLiquidVolume": 300,
			"shape": "circular",
			"diameter": 10,
			"x": 104.7,
			"y": 70.7,
			"z": 61.5
		},
		"B4": {
			"depth": 34.5,
			"totalLiquidVolume": 300,
			"shape": "circular",
			"diameter": 10,
			"x": 104.7,
			"y": 44.6,
			"z": 61.5
		},
		"C4": {
			"depth": 34.5,
			"totalLiquidVolume": 300,
			"shape": "circular",
			"diameter": 10,
			"x": 104.7,
			"y": 18.6,
			"z": 61.5
		},
		"D1": {
			"depth": 38,
			"totalLiquidVolume": 300,
			"shape": "circular",
			"diameter": 10,
			"x": 64.8,
			"y": 97.7,
			"z": 58
		},
		"D2": {
			"depth": 38,
			"totalLiquidVolume": 300,
			"shape": "circular",
			"diameter": 10,
			"x": 64.8,
			"y": 104.7,
			"z": 58
		},
		"D3": {
			"depth": 38,
			"totalLiquidVolume": 300,
			"shape": "circular",
			"diameter": 10,
			"x": 64.8,
			"y": 111.7,
			"z": 58
		}
	},
	"groups": [{
		"metadata": {
			"displayName": "Omni-Stainer S12 (for slides) with Thermal Sheath",
			"displayCategory": "wellPlate",
			"wellBottomShape": "flat"
		},
		"brand": {
			"brand": "Parhelia",
			"brandId": ["Omni-Stainer S12 with Thermal Sheath"]
		},
		"wells": ["A1",
		"A2",
		"A3",
		"A4",
		"A5",
		"B1",
		"B2",
		"B3",
		"B4",
		"C1",
		"C2",
		"C3",
		"C4",
		"D1",
		"D2",
		"D3"]
	}],
	"parameters": {
		"format": "irregular",
		"quirks": [],
		"isTiprack": false,
		"isMagneticModuleCompatible": false,
		"loadName": "omni_stainer_s12_slides_with_thermosheath"
	},
	"namespace": "custom_beta",
	"version": 1,
	"schemaVersion": 2,
	"cornerOffsetFromSlot": {
		"x": 0,
		"y": 0,
		"z": 0
	}
}