{"ordering":[["A1","A2","A3","A4","A5"],["B1","B2","B3","B4"],["C1","C2","C3","C4"], ["D1","D2","D3"]],
	"brand":{"brand":"Parhelia","brandId":["Omni-Stainer S12 on Parhelia Thermal Module OT-2 v7.x"]},
	"metadata":{"displayName":"Omni-Stainer S12 (for slides) on Thermal Module OT-2 v7.x_ns","displayCategory":"wellPlate","displayVolumeUnits":"µL","tags":[]},
	"dimensions":{"xDimension":127.71,"yDimension":85.43,"zDimension": 141},
	"wells":{"A1":{"depth":0,"totalLiquidVolume":300,"shape":"circular","diameter":10,"x":10,"y":74.43,"z":141},
	"A2":{"depth":31,"totalLiquidVolume":300,"shape":"circular","diameter":10,"x":41.7,"y":69.5,"z": 110},
	"B1":{"depth":31,"totalLiquidVolume":300,"shape":"circular","diameter":10,"x":41.7,"y":41.7,"z": 110},
	"C1":{"depth":31,"totalLiquidVolume":300,"shape":"circular","diameter":10,"x":41.7,"y":14.7,"z": 110},
	"A3":{"depth":31,"totalLiquidVolume":300,"shape":"circular","diameter":10,"x":62.7,"y":69.5,"z": 110},
	"B2":{"depth":31,"totalLiquidVolume":300,"shape":"circular","diameter":10,"x":62.7,"y":41.7,"z": 110},
	"C2":{"depth":31,"totalLiquidVolume":300,"shape":"circular","diameter":10,"x":62.7,"y":14.7,"z": 110},
	"A4":{"depth":31,"totalLiquidVolume":300,"shape":"circular","diameter":10,"x":83.7,"y":69.5,"z": 110},
	"B3":{"depth":31,"totalLiquidVolume":300,"shape":"circular","diameter":10,"x":83.7,"y":41.7,"z": 110},
	"C3":{"depth":31,"totalLiquidVolume":300,"shape":"circular","diameter":10,"x":83.7,"y":14.7,"z": 110},
	"A5":{"depth":31,"totalLiquidVolume":300,"shape":"circular","diameter":10,"x":104.7,"y":69.5,"z": 110},
	"B4":{"depth":31,"totalLiquidVolume":300,"shape":"circular","diameter":10,"x":104.7,"y":41.7,"z": 110},
	"C4":{"depth":31,"totalLiquidVolume":300,"shape":"circular","diameter":10,"x":104.7,"y":14.7,"z": 110},
	"D1":{"depth":40.0,"totalLiquidVolume":300,"shape":"circular","diameter":10,"x":65,"y":94,"z":108.1},
	"D2":{"depth":40.0,"totalLiquidVolume":300,"shape":"circular","diameter":10,"x":65,"y":101,"z":108.1},
	"D3":{"depth":40.0,"totalLiquidVolume":300,"shape":"circular","diameter":10,"x":65,"y":108,"z":108.1}},
		"groups":[{"metadata":{"displayName":"Omni-Stainer S12 with Thermal Sheath on Thermal Module","displayCategory":"wellPlate","wellBottomShape":"flat"},
		"brand":{"brand":"Parhelia","brandId":["Omni-Stainer S12 OT-2 on Parhelia Thermal Module v7.x"]},
	"wells":["A1","A2","A3","A4","A5","B1","B2","B3","B4","C1","C2","C3","C4","D1","D2","D3"]}],
	"parameters":{"format":"irregular","quirks":[],"isTiprack":false,"isMagneticModuleCompatible":false,"loadName":"omni_stainer_s12_slides_with_thermosheath_on_coldplate"},
	"namespace":"custom_beta","version":1,"schemaVersion":2,"cornerOffsetFromSlot":{"x":0,"y":0,"z":0}}
