{
	"ordering": [["A1",
	"A2",
	"A3",
	"A4",
	"A5"],
	["B1",
	"B2",
	"B3",
	"B4"],
	["C1",
	"C2",
	"C3",
	"C4"],
	["D1",
	"D2",
	"D3"]],
	"brand": {
		"brand": "Parhelia",
		"brandId": ["Omni-Stainer C12"]
	},
	"metadata": {
		"displayName": "Omni-Stainer C12 (for coverslips)",
		"displayCategory": "wellPlate",
		"displayVolumeUnits": "µL",
		"tags": []
	},
	"dimensions": {
		"xDimension": 127.71,
		"yDimension": 85.43,
		"zDimension": 88
	},
	"wells": {
		"A1": {
			"depth": 0,
			"totalLiquidVolume": 300,
			"shape": "circular",
			"diameter": 10,
			"x": 9.35,
			"y": 10.5,
			"z": 65.7
		},
		"A2": {
			"depth": 16.2,
			"totalLiquidVolume": 300,
			"shape": "circular",
			"diameter": 10,
			"x": 22.75,
			"y": 71,
			"z": 48.5
		},
		"B1": {
			"depth": 16.2,
			"totalLiquidVolume": 300,
			"shape": "circular",
			"diameter": 10,
			"x": 22.75,
			"y": 51.75,
			"z": 48.5
		},
		"C1": {
			"depth": 16.2,
			"totalLiquidVolume": 300,
			"shape": "circular",
			"diameter": 10,
			"x": 22.75,
			"y": 32.5,
			"z": 48.5
		},
		"A3": {
			"depth": 16.2,
			"totalLiquidVolume": 300,
			"shape": "circular",
			"diameter": 10,
			"x": 49.75,
			"y": 71.0,
			"z": 48.5
		},
		"B2": {
			"depth": 16.2,
			"totalLiquidVolume": 300,
			"shape": "circular",
			"diameter": 10,
			"x": 49.75,
			"y": 51.75,
			"z": 48.5
		},
		"C2": {
			"depth": 16.2,
			"totalLiquidVolume": 300,
			"shape": "circular",
			"diameter": 10,
			"x": 49.75,
			"y": 32.5,
			"z": 48.5
		},
		"A4": {
			"depth": 16.2,
			"totalLiquidVolume": 300,
			"shape": "circular",
			"diameter": 10,
			"x": 76.75,
			"y": 71.0,
			"z": 48.5
		},
		"B3": {
			"depth": 16.2,
			"totalLiquidVolume": 300,
			"shape": "circular",
			"diameter": 10,
			"x": 76.75,
			"y": 51.75,
			"z": 48.5
		},
		"C3": {
			"depth": 16.2,
			"totalLiquidVolume": 300,
			"shape": "circular",
			"diameter": 10,
			"x": 76.75,
			"y": 32.5,
			"z": 48.5
		},
		"A5": {
			"depth": 16.2,
			"totalLiquidVolume": 300,
			"shape": "circular",
			"diameter": 10,
			"x": 103.75,
			"y": 71.0,
			"z": 48.5
		},
		"B4": {
			"depth": 16.2,
			"totalLiquidVolume": 300,
			"shape": "circular",
			"diameter": 10,
			"x": 103.75,
			"y": 51.75,
			"z": 48.5
		},
		"C4": {
			"depth": 16.2,
			"totalLiquidVolume": 300,
			"shape": "circular",
			"diameter": 10,
			"x": 103.75,
			"y": 32.5,
			"z": 48.5
		},
		"D1": {
			"depth": 27.2,
			"totalLiquidVolume": 300,
			"shape": "circular",
			"diameter": 10,
			"x": 64.55,
			"y": 94.8,
			"z": 37.5
		},
		"D2": {
			"depth": 27.2,
			"totalLiquidVolume": 300,
			"shape": "circular",
			"diameter": 10,
			"x": 64.55,
			"y": 102.8,
			"z": 37.5
		},
		"D3": {
			"depth": 27.2,
			"totalLiquidVolume": 300,
			"shape": "circular",
			"diameter": 10,
			"x": 64.55,
			"y": 110.8,
			"z": 37.5
		}
	},
	"groups": [{
		"metadata": {
			"displayName": "Omni-Stainer C12 (for coverslips)",
			"displayCategory": "wellPlate",
			"wellBottomShape": "flat"
		},
		"brand": {
			"brand": "Parhelia",
			"brandId": ["Omni-Stainer C12"]
		},
		"wells": ["A1",
		"A2",
		"A3",
		"A4",
		"A5",
		"B1",
		"B2",
		"B3",
		"B4",
		"C1",
		"C2",
		"C3",
		"C4",
		"D1",
		"D2",
		"D3"]
	}],
	"parameters": {
		"format": "irregular",
		"quirks": [],
		"isTiprack": false,
		"isMagneticModuleCompatible": false,
		"loadName": "omni_stainer_c12_cslps"
	},
	"namespace": "custom_beta",
	"version": 1,
	"schemaVersion": 2,
	"cornerOffsetFromSlot": {
		"x": 0,
		"y": 0,
		"z": 0
	}
}