{"ordering":[["A1","B1","C1","D1","E1","F1","G1","H1"],
  ["A2","B2","C2","D2","E2","F2","G2","H2"],
  ["A3","B3","C3","D3","E3","F3","G3","H3"],
  ["A4","B4","C4","D4","E4","F4","G4","H4"],
  ["A5","B5","C5","D5","E5","F5","G5","H5"],
  ["A6","B6","C6","D6","E6","F6","G6","H6"],
  ["A7","B7","C7","D7","E7","F7","G7","H7"],
  ["A8","B8","C8","D8","E8","F8","G8","H8"],
  ["A9","B9","C9","D9","E9","F9","G9","H9"],
  ["A10","B10","C10","D10","E10","F10","G10","H10"],
  ["A11","B11","C11","D11","E11","F11","G11","H11"],
  ["A12","B12","C12","D12","E12","F12","G12","H12"]],
  "brand":{"brand":"Parhelia","brandId":["Parhelia_black_96"],
    "links":["https://www.parhelia.bio/labware"]},
  "metadata":{"displayName":"Parhelia black 96-well plate",
  "displayVolumeUnits":"mL","displayCategory":"reservoir","tags":[]},
  "dimensions":{"xDimension":127.76,"yDimension":85.8,"zDimension":44.45},
  "wells":{"H1":{"depth":11.5,"shape":"circular","diameter":5.46,"totalLiquidVolume":200,"x":14.38,"y":11.24,"z":2.75},
  "G1":{"depth":11.5,"shape":"circular","diameter":5.46,"totalLiquidVolume":200,"x":14.38,"y":20.24,"z":2.75},
  "F1":{"depth":11.5,"shape":"circular","diameter":5.46,"totalLiquidVolume":200,"x":14.38,"y":29.24,"z":2.75},
  "E1":{"depth":11.5,"shape":"circular","diameter":5.46,"totalLiquidVolume":200,"x":14.38,"y":38.24,"z":2.75},
  "D1":{"depth":11.5,"shape":"circular","diameter":5.46,"totalLiquidVolume":200,"x":14.38,"y":47.24,"z":2.75},
  "C1":{"depth":11.5,"shape":"circular","diameter":5.46,"totalLiquidVolume":200,"x":14.38,"y":56.24,"z":2.75},
  "B1":{"depth":11.5,"shape":"circular","diameter":5.46,"totalLiquidVolume":200,"x":14.38,"y":65.24,"z":2.75},
  "A1":{"depth":11.5,"shape":"circular","diameter":5.46,"totalLiquidVolume":200,"x":14.38,"y":74.24,"z":2.75},
  "H2":{"depth":11.5,"shape":"circular","diameter":5.46,"totalLiquidVolume":200,"x":23.38,"y":11.24,"z":2.75},
  "G2":{"depth":11.5,"shape":"circular","diameter":5.46,"totalLiquidVolume":200,"x":23.38,"y":20.24,"z":2.75},
  "F2":{"depth":11.5,"shape":"circular","diameter":5.46,"totalLiquidVolume":200,"x":23.38,"y":29.24,"z":2.75},
  "E2":{"depth":11.5,"shape":"circular","diameter":5.46,"totalLiquidVolume":200,"x":23.38,"y":38.24,"z":2.75},
  "D2":{"depth":11.5,"shape":"circular","diameter":5.46,"totalLiquidVolume":200,"x":23.38,"y":47.24,"z":2.75},
  "C2":{"depth":11.5,"shape":"circular","diameter":5.46,"totalLiquidVolume":200,"x":23.38,"y":56.24,"z":2.75},
  "B2":{"depth":11.5,"shape":"circular","diameter":5.46,"totalLiquidVolume":200,"x":23.38,"y":65.24,"z":2.75},
  "A2":{"depth":11.5,"shape":"circular","diameter":5.46,"totalLiquidVolume":200,"x":23.38,"y":74.24,"z":2.75},
  "H3":{"depth":11.5,"shape":"circular","diameter":5.46,"totalLiquidVolume":200,"x":32.38,"y":11.24,"z":2.75},
  "G3":{"depth":11.5,"shape":"circular","diameter":5.46,"totalLiquidVolume":200,"x":32.38,"y":20.24,"z":2.75},
  "F3":{"depth":11.5,"shape":"circular","diameter":5.46,"totalLiquidVolume":200,"x":32.38,"y":29.24,"z":2.75},
  "E3":{"depth":11.5,"shape":"circular","diameter":5.46,"totalLiquidVolume":200,"x":32.38,"y":38.24,"z":2.75},
  "D3":{"depth":11.5,"shape":"circular","diameter":5.46,"totalLiquidVolume":200,"x":32.38,"y":47.24,"z":2.75},
  "C3":{"depth":11.5,"shape":"circular","diameter":5.46,"totalLiquidVolume":200,"x":32.38,"y":56.24,"z":2.75},
  "B3":{"depth":11.5,"shape":"circular","diameter":5.46,"totalLiquidVolume":200,"x":32.38,"y":65.24,"z":2.75},
  "A3":{"depth":11.5,"shape":"circular","diameter":5.46,"totalLiquidVolume":200,"x":32.38,"y":74.24,"z":2.75},
  "H4":{"depth":11.5,"shape":"circular","diameter":5.46,"totalLiquidVolume":200,"x":41.38,"y":11.24,"z":2.75},
  "G4":{"depth":11.5,"shape":"circular","diameter":5.46,"totalLiquidVolume":200,"x":41.38,"y":20.24,"z":2.75},
  "F4":{"depth":11.5,"shape":"circular","diameter":5.46,"totalLiquidVolume":200,"x":41.38,"y":29.24,"z":2.75},
  "E4":{"depth":11.5,"shape":"circular","diameter":5.46,"totalLiquidVolume":200,"x":41.38,"y":38.24,"z":2.75},
  "D4":{"depth":11.5,"shape":"circular","diameter":5.46,"totalLiquidVolume":200,"x":41.38,"y":47.24,"z":2.75},
  "C4":{"depth":11.5,"shape":"circular","diameter":5.46,"totalLiquidVolume":200,"x":41.38,"y":56.24,"z":2.75},
  "B4":{"depth":11.5,"shape":"circular","diameter":5.46,"totalLiquidVolume":200,"x":41.38,"y":65.24,"z":2.75},
  "A4":{"depth":11.5,"shape":"circular","diameter":5.46,"totalLiquidVolume":200,"x":41.38,"y":74.24,"z":2.75},
  "H5":{"depth":11.5,"shape":"circular","diameter":5.46,"totalLiquidVolume":200,"x":50.38,"y":11.24,"z":2.75},
  "G5":{"depth":11.5,"shape":"circular","diameter":5.46,"totalLiquidVolume":200,"x":50.38,"y":20.24,"z":2.75},
  "F5":{"depth":11.5,"shape":"circular","diameter":5.46,"totalLiquidVolume":200,"x":50.38,"y":29.24,"z":2.75},
  "E5":{"depth":11.5,"shape":"circular","diameter":5.46,"totalLiquidVolume":200,"x":50.38,"y":38.24,"z":2.75},
  "D5":{"depth":11.5,"shape":"circular","diameter":5.46,"totalLiquidVolume":200,"x":50.38,"y":47.24,"z":2.75},
  "C5":{"depth":11.5,"shape":"circular","diameter":5.46,"totalLiquidVolume":200,"x":50.38,"y":56.24,"z":2.75},
  "B5":{"depth":11.5,"shape":"circular","diameter":5.46,"totalLiquidVolume":200,"x":50.38,"y":65.24,"z":2.75},
  "A5":{"depth":11.5,"shape":"circular","diameter":5.46,"totalLiquidVolume":200,"x":50.38,"y":74.24,"z":2.75},
  "H6":{"depth":11.5,"shape":"circular","diameter":5.46,"totalLiquidVolume":200,"x":59.38,"y":11.24,"z":2.75},
  "G6":{"depth":11.5,"shape":"circular","diameter":5.46,"totalLiquidVolume":200,"x":59.38,"y":20.24,"z":2.75},
  "F6":{"depth":11.5,"shape":"circular","diameter":5.46,"totalLiquidVolume":200,"x":59.38,"y":29.24,"z":2.75},
  "E6":{"depth":11.5,"shape":"circular","diameter":5.46,"totalLiquidVolume":200,"x":59.38,"y":38.24,"z":2.75},
  "D6":{"depth":11.5,"shape":"circular","diameter":5.46,"totalLiquidVolume":200,"x":59.38,"y":47.24,"z":2.75},
  "C6":{"depth":11.5,"shape":"circular","diameter":5.46,"totalLiquidVolume":200,"x":59.38,"y":56.24,"z":2.75},
  "B6":{"depth":11.5,"shape":"circular","diameter":5.46,"totalLiquidVolume":200,"x":59.38,"y":65.24,"z":2.75},
  "A6":{"depth":11.5,"shape":"circular","diameter":5.46,"totalLiquidVolume":200,"x":59.38,"y":74.24,"z":2.75},
  "H7":{"depth":11.5,"shape":"circular","diameter":5.46,"totalLiquidVolume":200,"x":68.38,"y":11.24,"z":2.75},
  "G7":{"depth":11.5,"shape":"circular","diameter":5.46,"totalLiquidVolume":200,"x":68.38,"y":20.24,"z":2.75},
  "F7":{"depth":11.5,"shape":"circular","diameter":5.46,"totalLiquidVolume":200,"x":68.38,"y":29.24,"z":2.75},
  "E7":{"depth":11.5,"shape":"circular","diameter":5.46,"totalLiquidVolume":200,"x":68.38,"y":38.24,"z":2.75},
  "D7":{"depth":11.5,"shape":"circular","diameter":5.46,"totalLiquidVolume":200,"x":68.38,"y":47.24,"z":2.75},
  "C7":{"depth":11.5,"shape":"circular","diameter":5.46,"totalLiquidVolume":200,"x":68.38,"y":56.24,"z":2.75},
  "B7":{"depth":11.5,"shape":"circular","diameter":5.46,"totalLiquidVolume":200,"x":68.38,"y":65.24,"z":2.75},
  "A7":{"depth":11.5,"shape":"circular","diameter":5.46,"totalLiquidVolume":200,"x":68.38,"y":74.24,"z":2.75},
  "H8":{"depth":11.5,"shape":"circular","diameter":5.46,"totalLiquidVolume":200,"x":77.38,"y":11.24,"z":2.75},
  "G8":{"depth":11.5,"shape":"circular","diameter":5.46,"totalLiquidVolume":200,"x":77.38,"y":20.24,"z":2.75},
  "F8":{"depth":11.5,"shape":"circular","diameter":5.46,"totalLiquidVolume":200,"x":77.38,"y":29.24,"z":2.75},
  "E8":{"depth":11.5,"shape":"circular","diameter":5.46,"totalLiquidVolume":200,"x":77.38,"y":38.24,"z":2.75},
  "D8":{"depth":11.5,"shape":"circular","diameter":5.46,"totalLiquidVolume":200,"x":77.38,"y":47.24,"z":2.75},
  "C8":{"depth":11.5,"shape":"circular","diameter":5.46,"totalLiquidVolume":200,"x":77.38,"y":56.24,"z":2.75},
  "B8":{"depth":11.5,"shape":"circular","diameter":5.46,"totalLiquidVolume":200,"x":77.38,"y":65.24,"z":2.75},
  "A8":{"depth":11.5,"shape":"circular","diameter":5.46,"totalLiquidVolume":200,"x":77.38,"y":74.24,"z":2.75},
  "H9":{"depth":11.5,"shape":"circular","diameter":5.46,"totalLiquidVolume":200,"x":86.38,"y":11.24,"z":2.75},
  "G9":{"depth":11.5,"shape":"circular","diameter":5.46,"totalLiquidVolume":200,"x":86.38,"y":20.24,"z":2.75},
  "F9":{"depth":11.5,"shape":"circular","diameter":5.46,"totalLiquidVolume":200,"x":86.38,"y":29.24,"z":2.75},
  "E9":{"depth":11.5,"shape":"circular","diameter":5.46,"totalLiquidVolume":200,"x":86.38,"y":38.24,"z":2.75},
  "D9":{"depth":11.5,"shape":"circular","diameter":5.46,"totalLiquidVolume":200,"x":86.38,"y":47.24,"z":2.75},
  "C9":{"depth":11.5,"shape":"circular","diameter":5.46,"totalLiquidVolume":200,"x":86.38,"y":56.24,"z":2.75},
  "B9":{"depth":11.5,"shape":"circular","diameter":5.46,"totalLiquidVolume":200,"x":86.38,"y":65.24,"z":2.75},
  "A9":{"depth":11.5,"shape":"circular","diameter":5.46,"totalLiquidVolume":200,"x":86.38,"y":74.24,"z":2.75},
  "H10":{"depth":11.5,"shape":"circular","diameter":5.46,"totalLiquidVolume":200,"x":95.38,"y":11.24,"z":2.75},
  "G10":{"depth":11.5,"shape":"circular","diameter":5.46,"totalLiquidVolume":200,"x":95.38,"y":20.24,"z":2.75},
  "F10":{"depth":11.5,"shape":"circular","diameter":5.46,"totalLiquidVolume":200,"x":95.38,"y":29.24,"z":2.75},
  "E10":{"depth":11.5,"shape":"circular","diameter":5.46,"totalLiquidVolume":200,"x":95.38,"y":38.24,"z":2.75},
  "D10":{"depth":11.5,"shape":"circular","diameter":5.46,"totalLiquidVolume":200,"x":95.38,"y":47.24,"z":2.75},
  "C10":{"depth":11.5,"shape":"circular","diameter":5.46,"totalLiquidVolume":200,"x":95.38,"y":56.24,"z":2.75},
  "B10":{"depth":11.5,"shape":"circular","diameter":5.46,"totalLiquidVolume":200,"x":95.38,"y":65.24,"z":2.75},
  "A10":{"depth":11.5,"shape":"circular","diameter":5.46,"totalLiquidVolume":200,"x":95.38,"y":74.24,"z":2.75},
  "H11":{"depth":11.5,"shape":"circular","diameter":5.46,"totalLiquidVolume":200,"x":104.38,"y":11.24,"z":2.75},
  "G11":{"depth":11.5,"shape":"circular","diameter":5.46,"totalLiquidVolume":200,"x":104.38,"y":20.24,"z":2.75},
  "F11":{"depth":11.5,"shape":"circular","diameter":5.46,"totalLiquidVolume":200,"x":104.38,"y":29.24,"z":2.75},
  "E11":{"depth":11.5,"shape":"circular","diameter":5.46,"totalLiquidVolume":200,"x":104.38,"y":38.24,"z":2.75},
  "D11":{"depth":11.5,"shape":"circular","diameter":5.46,"totalLiquidVolume":200,"x":104.38,"y":47.24,"z":2.75},
  "C11":{"depth":11.5,"shape":"circular","diameter":5.46,"totalLiquidVolume":200,"x":104.38,"y":56.24,"z":2.75},
  "B11":{"depth":11.5,"shape":"circular","diameter":5.46,"totalLiquidVolume":200,"x":104.38,"y":65.24,"z":2.75},
  "A11":{"depth":11.5,"shape":"circular","diameter":5.46,"totalLiquidVolume":200,"x":104.38,"y":74.24,"z":2.75},
  "H12":{"depth":11.5,"shape":"circular","diameter":5.46,"totalLiquidVolume":200,"x":113.38,"y":11.24,"z":2.75},
  "G12":{"depth":11.5,"shape":"circular","diameter":5.46,"totalLiquidVolume":200,"x":113.38,"y":20.24,"z":2.75},
  "F12":{"depth":11.5,"shape":"circular","diameter":5.46,"totalLiquidVolume":200,"x":113.38,"y":29.24,"z":2.75},
  "E12":{"depth":11.5,"shape":"circular","diameter":5.46,"totalLiquidVolume":200,"x":113.38,"y":38.24,"z":2.75},
  "D12":{"depth":11.5,"shape":"circular","diameter":5.46,"totalLiquidVolume":200,"x":113.38,"y":47.24,"z":2.75},
  "C12":{"depth":11.5,"shape":"circular","diameter":5.46,"totalLiquidVolume":200,"x":113.38,"y":56.24,"z":2.75},
  "B12":{"depth":11.5,"shape":"circular","diameter":5.46,"totalLiquidVolume":200,"x":113.38,"y":65.24,"z":2.75},
  "A12":{"depth":11.5,"shape":"circular","diameter":5.46,"totalLiquidVolume":200,"x":113.38,"y":74.24,"z":2.75}},
  "groups":[{"metadata":{"displayName":"Parhelia black 96-well plate","displayCategory":"wellPlate","wellBottomShape":"v"},
  "brand":{"brand":"Parhelia","brandId":["black_96"]},
  "wells":["A1","B1","C1","D1","E1","F1","G1","H1","A2","B2","C2","D2","E2","F2","G2","H2","A3","B3","C3","D3","E3","F3","G3","H3","A4","B4","C4","D4","E4","F4","G4","H4","A5","B5","C5","D5","E5","F5","G5","H5","A6","B6","C6","D6","E6","F6","G6","H6","A7","B7","C7","D7","E7","F7","G7","H7","A8","B8","C8","D8","E8","F8","G8","H8","A9","B9","C9","D9","E9","F9","G9","H9","A10","B10","C10","D10","E10","F10","G10","H10","A11","B11","C11","D11","E11","F11","G11","H11","A12","B12","C12","D12","E12","F12","G12","H12"]}],
  "parameters":{"format":"irregular","quirks":[],"isTiprack":false,"isMagneticModuleCompatible":false,
  "loadName":"parhelia_black_96"},
  "namespace":"custom_beta","version":1,"schemaVersion":2,"cornerOffsetFromSlot":{"x":0,"y":2,"z":0.3}}
