{"ordering":[["A1"],["A2"],["A3"],["A4"],["A5"],["A6"],["A7"],["A8"],["A9"],["A10"],["A11"],["A12"]],"brand":{"brand":"Parhelia","brandId":["12trough"]},"metadata":{"displayName":"Parhelia 12-trough reservoir","displayVolumeUnits":"mL","displayCategory":"reservoir","tags":[]},"dimensions":{"xDimension":127.76,"yDimension":85.8,"zDimension":44.45},"wells":{"A1":{"shape":"rectangular","depth":37,"xDimension":8.33,"yDimension":71.88,"totalLiquidVolume":22000,"x":13.94,"y":42.9,"z":9},"A2":{"shape":"rectangular","depth":37,"xDimension":8.33,"yDimension":71.88,"totalLiquidVolume":22000,"x":23.03,"y":42.9,"z":9},"A3":{"shape":"rectangular","depth":37,"xDimension":8.33,"yDimension":71.88,"totalLiquidVolume":22000,"x":32.12,"y":42.9,"z":9},"A4":{"shape":"rectangular","depth":37,"xDimension":8.33,"yDimension":71.88,"totalLiquidVolume":22000,"x":41.21,"y":42.9,"z":9},"A5":{"shape":"rectangular","depth":37,"xDimension":8.33,"yDimension":71.88,"totalLiquidVolume":22000,"x":50.3,"y":42.9,"z":9},"A6":{"shape":"rectangular","depth":37,"xDimension":8.33,"yDimension":71.88,"totalLiquidVolume":22000,"x":59.39,"y":42.9,"z":9},"A7":{"shape":"rectangular","depth":37,"xDimension":8.33,"yDimension":71.88,"totalLiquidVolume":22000,"x":68.48,"y":42.9,"z":9},"A8":{"shape":"rectangular","depth":37,"xDimension":8.33,"yDimension":71.88,"totalLiquidVolume":22000,"x":77.57,"y":42.9,"z":9},"A9":{"shape":"rectangular","depth":37,"xDimension":8.33,"yDimension":71.88,"totalLiquidVolume":22000,"x":86.66,"y":42.9,"z":9},"A10":{"shape":"rectangular","depth":37,"xDimension":8.33,"yDimension":71.88,"totalLiquidVolume":22000,"x":95.75,"y":42.9,"z":9},"A11":{"shape":"rectangular","depth":37,"xDimension":8.33,"yDimension":71.88,"totalLiquidVolume":22000,"x":104.84,"y":42.9,"z":9},"A12":{"shape":"rectangular","depth":37,"xDimension":8.33,"yDimension":71.88,"totalLiquidVolume":22000,"x":113.93,"y":42.9,"z":9}},"groups":[{"metadata":{"displayName":"Parhelia 12-trough reservoir","displayCategory":"wellPlate","wellBottomShape":"v"},"brand":{"brand":"Parhelia","brandId":["12trough"]},"wells":["A1","A2","A3","A4","A5","A6","A7","A8","A9","A10","A11","A12"]}],"parameters":{"format":"irregular","quirks":[],"isTiprack":false,"isMagneticModuleCompatible":false,"loadName":"parhelia_12trough"},"namespace":"custom_beta","version":1,"schemaVersion":2,"cornerOffsetFromSlot":{"x":1,"y":-1,"z":-0.6}}
