{
  "ordering": [
    [
      "A1",
      "B1",
      "C1",
      "D1",
      "E1",
      "F1",
      "G1",
      "H1"
    ],
    [
      "A2",
      "B2",
      "C2",
      "D2",
      "E2",
      "F2",
      "G2",
      "H2"
    ],
    [
      "A3",
      "B3",
      "C3",
      "D3",
      "E3",
      "F3",
      "G3",
      "H3"
    ],
    [
      "A4",
      "B4",
      "C4",
      "D4",
      "E4",
      "F4",
      "G4",
      "H4"
    ],
    [
      "A5",
      "B5",
      "C5",
      "D5",
      "E5",
      "F5",
      "G5",
      "H5"
    ],
    [
      "A6",
      "B6",
      "C6",
      "D6",
      "E6",
      "F6",
      "G6",
      "H6"
    ],
    [
      "A7",
      "B7",
      "C7",
      "D7",
      "E7",
      "F7",
      "G7",
      "H7"
    ],
    [
      "A8",
      "B8",
      "C8",
      "D8",
      "E8",
      "F8",
      "G8",
      "H8"
    ],
    [
      "A9",
      "B9",
      "C9",
      "D9",
      "E9",
      "F9",
      "G9",
      "H9"
    ],
    [
      "A10",
      "B10",
      "C10",
      "D10",
      "E10",
      "F10",
      "G10",
      "H10"
    ],
    [
      "A11",
      "B11",
      "C11",
      "D11",
      "E11",
      "F11",
      "G11",
      "H11"
    ],
    [
      "A12",
      "B12",
      "C12",
      "D12",
      "E12",
      "F12",
      "G12",
      "H12"
    ]
  ],
  "brand": {
    "brand": "Parhelia",
    "brandId": [
      "Parhelia skirted 96-well plate"
    ],
    "links": [
      "https://www.parheliabio.com"
    ]
  },
  "metadata": {
    "displayName": "Parhelia skirted 96-well plate",
    "displayVolumeUnits": "mL",
    "displayCategory": "reservoir",
    "tags": []
  },
  "dimensions": {
    "xDimension": 127.76,
    "yDimension": 85.48,
    "zDimension": 16.06
  },
  "wells": {
    "H1": {
      "depth": 13.91,
      "shape": "circular",
      "diameter": 5.46,
      "totalLiquidVolume": 200,
      "x": 14,
      "y": 10,
      "z": 1
    },
    "G1": {
      "depth": 13.91,
      "shape": "circular",
      "diameter": 5.46,
      "totalLiquidVolume": 200,
      "x": 14,
      "y": 19,
      "z": 1
    },
    "F1": {
      "depth": 13.91,
      "shape": "circular",
      "diameter": 5.46,
      "totalLiquidVolume": 200,
      "x": 14,
      "y": 28,
      "z": 1
    },
    "E1": {
      "depth": 13.91,
      "shape": "circular",
      "diameter": 5.46,
      "totalLiquidVolume": 200,
      "x": 14,
      "y": 37,
      "z": 1
    },
    "D1": {
      "depth": 13.91,
      "shape": "circular",
      "diameter": 5.46,
      "totalLiquidVolume": 200,
      "x": 14,
      "y": 46,
      "z": 1
    },
    "C1": {
      "depth": 13.91,
      "shape": "circular",
      "diameter": 5.46,
      "totalLiquidVolume": 200,
      "x": 14,
      "y": 55,
      "z": 1
    },
    "B1": {
      "depth": 13.91,
      "shape": "circular",
      "diameter": 5.46,
      "totalLiquidVolume": 200,
      "x": 14,
      "y": 64,
      "z": 1
    },
    "A1": {
      "depth": 13.91,
      "shape": "circular",
      "diameter": 5.46,
      "totalLiquidVolume": 200,
      "x": 14,
      "y": 73,
      "z": 1
    },
    "H2": {
      "depth": 13.91,
      "shape": "circular",
      "diameter": 5.46,
      "totalLiquidVolume": 200,
      "x": 23,
      "y": 10,
      "z": 1
    },
    "G2": {
      "depth": 13.91,
      "shape": "circular",
      "diameter": 5.46,
      "totalLiquidVolume": 200,
      "x": 23,
      "y": 19,
      "z": 1
    },
    "F2": {
      "depth": 13.91,
      "shape": "circular",
      "diameter": 5.46,
      "totalLiquidVolume": 200,
      "x": 23,
      "y": 28,
      "z": 1
    },
    "E2": {
      "depth": 13.91,
      "shape": "circular",
      "diameter": 5.46,
      "totalLiquidVolume": 200,
      "x": 23,
      "y": 37,
      "z": 1
    },
    "D2": {
      "depth": 13.91,
      "shape": "circular",
      "diameter": 5.46,
      "totalLiquidVolume": 200,
      "x": 23,
      "y": 46,
      "z": 1
    },
    "C2": {
      "depth": 13.91,
      "shape": "circular",
      "diameter": 5.46,
      "totalLiquidVolume": 200,
      "x": 23,
      "y": 55,
      "z": 1
    },
    "B2": {
      "depth": 13.91,
      "shape": "circular",
      "diameter": 5.46,
      "totalLiquidVolume": 200,
      "x": 23,
      "y": 64,
      "z": 1
    },
    "A2": {
      "depth": 13.91,
      "shape": "circular",
      "diameter": 5.46,
      "totalLiquidVolume": 200,
      "x": 23,
      "y": 73,
      "z": 1
    },
    "H3": {
      "depth": 13.91,
      "shape": "circular",
      "diameter": 5.46,
      "totalLiquidVolume": 200,
      "x": 32,
      "y": 10,
      "z": 1
    },
    "G3": {
      "depth": 13.91,
      "shape": "circular",
      "diameter": 5.46,
      "totalLiquidVolume": 200,
      "x": 32,
      "y": 19,
      "z": 1
    },
    "F3": {
      "depth": 13.91,
      "shape": "circular",
      "diameter": 5.46,
      "totalLiquidVolume": 200,
      "x": 32,
      "y": 28,
      "z": 1
    },
    "E3": {
      "depth": 13.91,
      "shape": "circular",
      "diameter": 5.46,
      "totalLiquidVolume": 200,
      "x": 32,
      "y": 37,
      "z": 1
    },
    "D3": {
      "depth": 13.91,
      "shape": "circular",
      "diameter": 5.46,
      "totalLiquidVolume": 200,
      "x": 32,
      "y": 46,
      "z": 1
    },
    "C3": {
      "depth": 13.91,
      "shape": "circular",
      "diameter": 5.46,
      "totalLiquidVolume": 200,
      "x": 32,
      "y": 55,
      "z": 1
    },
    "B3": {
      "depth": 13.91,
      "shape": "circular",
      "diameter": 5.46,
      "totalLiquidVolume": 200,
      "x": 32,
      "y": 64,
      "z": 1
    },
    "A3": {
      "depth": 13.91,
      "shape": "circular",
      "diameter": 5.46,
      "totalLiquidVolume": 200,
      "x": 32,
      "y": 73,
      "z": 1
    },
    "H4": {
      "depth": 13.91,
      "shape": "circular",
      "diameter": 5.46,
      "totalLiquidVolume": 200,
      "x": 41,
      "y": 10,
      "z": 1
    },
    "G4": {
      "depth": 13.91,
      "shape": "circular",
      "diameter": 5.46,
      "totalLiquidVolume": 200,
      "x": 41,
      "y": 19,
      "z": 1
    },
    "F4": {
      "depth": 13.91,
      "shape": "circular",
      "diameter": 5.46,
      "totalLiquidVolume": 200,
      "x": 41,
      "y": 28,
      "z": 1
    },
    "E4": {
      "depth": 13.91,
      "shape": "circular",
      "diameter": 5.46,
      "totalLiquidVolume": 200,
      "x": 41,
      "y": 37,
      "z": 1
    },
    "D4": {
      "depth": 13.91,
      "shape": "circular",
      "diameter": 5.46,
      "totalLiquidVolume": 200,
      "x": 41,
      "y": 46,
      "z": 1
    },
    "C4": {
      "depth": 13.91,
      "shape": "circular",
      "diameter": 5.46,
      "totalLiquidVolume": 200,
      "x": 41,
      "y": 55,
      "z": 1
    },
    "B4": {
      "depth": 13.91,
      "shape": "circular",
      "diameter": 5.46,
      "totalLiquidVolume": 200,
      "x": 41,
      "y": 64,
      "z": 1
    },
    "A4": {
      "depth": 13.91,
      "shape": "circular",
      "diameter": 5.46,
      "totalLiquidVolume": 200,
      "x": 41,
      "y": 73,
      "z": 1
    },
    "H5": {
      "depth": 13.91,
      "shape": "circular",
      "diameter": 5.46,
      "totalLiquidVolume": 200,
      "x": 50,
      "y": 10,
      "z": 1
    },
    "G5": {
      "depth": 13.91,
      "shape": "circular",
      "diameter": 5.46,
      "totalLiquidVolume": 200,
      "x": 50,
      "y": 19,
      "z": 1
    },
    "F5": {
      "depth": 13.91,
      "shape": "circular",
      "diameter": 5.46,
      "totalLiquidVolume": 200,
      "x": 50,
      "y": 28,
      "z": 1
    },
    "E5": {
      "depth": 13.91,
      "shape": "circular",
      "diameter": 5.46,
      "totalLiquidVolume": 200,
      "x": 50,
      "y": 37,
      "z": 1
    },
    "D5": {
      "depth": 13.91,
      "shape": "circular",
      "diameter": 5.46,
      "totalLiquidVolume": 200,
      "x": 50,
      "y": 46,
      "z": 1
    },
    "C5": {
      "depth": 13.91,
      "shape": "circular",
      "diameter": 5.46,
      "totalLiquidVolume": 200,
      "x": 50,
      "y": 55,
      "z": 1
    },
    "B5": {
      "depth": 13.91,
      "shape": "circular",
      "diameter": 5.46,
      "totalLiquidVolume": 200,
      "x": 50,
      "y": 64,
      "z": 1
    },
    "A5": {
      "depth": 13.91,
      "shape": "circular",
      "diameter": 5.46,
      "totalLiquidVolume": 200,
      "x": 50,
      "y": 73,
      "z": 1
    },
    "H6": {
      "depth": 13.91,
      "shape": "circular",
      "diameter": 5.46,
      "totalLiquidVolume": 200,
      "x": 59,
      "y": 10,
      "z": 1
    },
    "G6": {
      "depth": 13.91,
      "shape": "circular",
      "diameter": 5.46,
      "totalLiquidVolume": 200,
      "x": 59,
      "y": 19,
      "z": 1
    },
    "F6": {
      "depth": 13.91,
      "shape": "circular",
      "diameter": 5.46,
      "totalLiquidVolume": 200,
      "x": 59,
      "y": 28,
      "z": 1
    },
    "E6": {
      "depth": 13.91,
      "shape": "circular",
      "diameter": 5.46,
      "totalLiquidVolume": 200,
      "x": 59,
      "y": 37,
      "z": 1
    },
    "D6": {
      "depth": 13.91,
      "shape": "circular",
      "diameter": 5.46,
      "totalLiquidVolume": 200,
      "x": 59,
      "y": 46,
      "z": 1
    },
    "C6": {
      "depth": 13.91,
      "shape": "circular",
      "diameter": 5.46,
      "totalLiquidVolume": 200,
      "x": 59,
      "y": 55,
      "z": 1
    },
    "B6": {
      "depth": 13.91,
      "shape": "circular",
      "diameter": 5.46,
      "totalLiquidVolume": 200,
      "x": 59,
      "y": 64,
      "z": 1
    },
    "A6": {
      "depth": 13.91,
      "shape": "circular",
      "diameter": 5.46,
      "totalLiquidVolume": 200,
      "x": 59,
      "y": 73,
      "z": 1
    },
    "H7": {
      "depth": 13.91,
      "shape": "circular",
      "diameter": 5.46,
      "totalLiquidVolume": 200,
      "x": 68,
      "y": 10,
      "z": 1
    },
    "G7": {
      "depth": 13.91,
      "shape": "circular",
      "diameter": 5.46,
      "totalLiquidVolume": 200,
      "x": 68,
      "y": 19,
      "z": 1
    },
    "F7": {
      "depth": 13.91,
      "shape": "circular",
      "diameter": 5.46,
      "totalLiquidVolume": 200,
      "x": 68,
      "y": 28,
      "z": 1
    },
    "E7": {
      "depth": 13.91,
      "shape": "circular",
      "diameter": 5.46,
      "totalLiquidVolume": 200,
      "x": 68,
      "y": 37,
      "z": 1
    },
    "D7": {
      "depth": 13.91,
      "shape": "circular",
      "diameter": 5.46,
      "totalLiquidVolume": 200,
      "x": 68,
      "y": 46,
      "z": 1
    },
    "C7": {
      "depth": 13.91,
      "shape": "circular",
      "diameter": 5.46,
      "totalLiquidVolume": 200,
      "x": 68,
      "y": 55,
      "z": 1
    },
    "B7": {
      "depth": 13.91,
      "shape": "circular",
      "diameter": 5.46,
      "totalLiquidVolume": 200,
      "x": 68,
      "y": 64,
      "z": 1
    },
    "A7": {
      "depth": 13.91,
      "shape": "circular",
      "diameter": 5.46,
      "totalLiquidVolume": 200,
      "x": 68,
      "y": 73,
      "z": 1
    },
    "H8": {
      "depth": 13.91,
      "shape": "circular",
      "diameter": 5.46,
      "totalLiquidVolume": 200,
      "x": 77,
      "y": 10,
      "z": 1
    },
    "G8": {
      "depth": 13.91,
      "shape": "circular",
      "diameter": 5.46,
      "totalLiquidVolume": 200,
      "x": 77,
      "y": 19,
      "z": 1
    },
    "F8": {
      "depth": 13.91,
      "shape": "circular",
      "diameter": 5.46,
      "totalLiquidVolume": 200,
      "x": 77,
      "y": 28,
      "z": 1
    },
    "E8": {
      "depth": 13.91,
      "shape": "circular",
      "diameter": 5.46,
      "totalLiquidVolume": 200,
      "x": 77,
      "y": 37,
      "z": 1
    },
    "D8": {
      "depth": 13.91,
      "shape": "circular",
      "diameter": 5.46,
      "totalLiquidVolume": 200,
      "x": 77,
      "y": 46,
      "z": 1
    },
    "C8": {
      "depth": 13.91,
      "shape": "circular",
      "diameter": 5.46,
      "totalLiquidVolume": 200,
      "x": 77,
      "y": 55,
      "z": 1
    },
    "B8": {
      "depth": 13.91,
      "shape": "circular",
      "diameter": 5.46,
      "totalLiquidVolume": 200,
      "x": 77,
      "y": 64,
      "z": 1
    },
    "A8": {
      "depth": 13.91,
      "shape": "circular",
      "diameter": 5.46,
      "totalLiquidVolume": 200,
      "x": 77,
      "y": 73,
      "z": 1
    },
    "H9": {
      "depth": 13.91,
      "shape": "circular",
      "diameter": 5.46,
      "totalLiquidVolume": 200,
      "x": 86,
      "y": 10,
      "z": 1
    },
    "G9": {
      "depth": 13.91,
      "shape": "circular",
      "diameter": 5.46,
      "totalLiquidVolume": 200,
      "x": 86,
      "y": 19,
      "z": 1
    },
    "F9": {
      "depth": 13.91,
      "shape": "circular",
      "diameter": 5.46,
      "totalLiquidVolume": 200,
      "x": 86,
      "y": 28,
      "z": 1
    },
    "E9": {
      "depth": 13.91,
      "shape": "circular",
      "diameter": 5.46,
      "totalLiquidVolume": 200,
      "x": 86,
      "y": 37,
      "z": 1
    },
    "D9": {
      "depth": 13.91,
      "shape": "circular",
      "diameter": 5.46,
      "totalLiquidVolume": 200,
      "x": 86,
      "y": 46,
      "z": 1
    },
    "C9": {
      "depth": 13.91,
      "shape": "circular",
      "diameter": 5.46,
      "totalLiquidVolume": 200,
      "x": 86,
      "y": 55,
      "z": 1
    },
    "B9": {
      "depth": 13.91,
      "shape": "circular",
      "diameter": 5.46,
      "totalLiquidVolume": 200,
      "x": 86,
      "y": 64,
      "z": 1
    },
    "A9": {
      "depth": 13.91,
      "shape": "circular",
      "diameter": 5.46,
      "totalLiquidVolume": 200,
      "x": 86,
      "y": 73,
      "z": 1
    },
    "H10": {
      "depth": 13.91,
      "shape": "circular",
      "diameter": 5.46,
      "totalLiquidVolume": 200,
      "x": 95,
      "y": 10,
      "z": 1
    },
    "G10": {
      "depth": 13.91,
      "shape": "circular",
      "diameter": 5.46,
      "totalLiquidVolume": 200,
      "x": 95,
      "y": 19,
      "z": 1
    },
    "F10": {
      "depth": 13.91,
      "shape": "circular",
      "diameter": 5.46,
      "totalLiquidVolume": 200,
      "x": 95,
      "y": 28,
      "z": 1
    },
    "E10": {
      "depth": 13.91,
      "shape": "circular",
      "diameter": 5.46,
      "totalLiquidVolume": 200,
      "x": 95,
      "y": 37,
      "z": 1
    },
    "D10": {
      "depth": 13.91,
      "shape": "circular",
      "diameter": 5.46,
      "totalLiquidVolume": 200,
      "x": 95,
      "y": 46,
      "z": 1
    },
    "C10": {
      "depth": 13.91,
      "shape": "circular",
      "diameter": 5.46,
      "totalLiquidVolume": 200,
      "x": 95,
      "y": 55,
      "z": 1
    },
    "B10": {
      "depth": 13.91,
      "shape": "circular",
      "diameter": 5.46,
      "totalLiquidVolume": 200,
      "x": 95,
      "y": 64,
      "z": 1
    },
    "A10": {
      "depth": 13.91,
      "shape": "circular",
      "diameter": 5.46,
      "totalLiquidVolume": 200,
      "x": 95,
      "y": 73,
      "z": 1
    },
    "H11": {
      "depth": 13.91,
      "shape": "circular",
      "diameter": 5.46,
      "totalLiquidVolume": 200,
      "x": 104,
      "y": 10,
      "z": 1
    },
    "G11": {
      "depth": 13.91,
      "shape": "circular",
      "diameter": 5.46,
      "totalLiquidVolume": 200,
      "x": 104,
      "y": 19,
      "z": 1
    },
    "F11": {
      "depth": 13.91,
      "shape": "circular",
      "diameter": 5.46,
      "totalLiquidVolume": 200,
      "x": 104,
      "y": 28,
      "z": 1
    },
    "E11": {
      "depth": 13.91,
      "shape": "circular",
      "diameter": 5.46,
      "totalLiquidVolume": 200,
      "x": 104,
      "y": 37,
      "z": 1
    },
    "D11": {
      "depth": 13.91,
      "shape": "circular",
      "diameter": 5.46,
      "totalLiquidVolume": 200,
      "x": 104,
      "y": 46,
      "z": 1
    },
    "C11": {
      "depth": 13.91,
      "shape": "circular",
      "diameter": 5.46,
      "totalLiquidVolume": 200,
      "x": 104,
      "y": 55,
      "z": 1
    },
    "B11": {
      "depth": 13.91,
      "shape": "circular",
      "diameter": 5.46,
      "totalLiquidVolume": 200,
      "x": 104,
      "y": 64,
      "z": 1
    },
    "A11": {
      "depth": 13.91,
      "shape": "circular",
      "diameter": 5.46,
      "totalLiquidVolume": 200,
      "x": 104,
      "y": 73,
      "z": 1
    },
    "H12": {
      "depth": 13.91,
      "shape": "circular",
      "diameter": 5.46,
      "totalLiquidVolume": 200,
      "x": 113,
      "y": 10,
      "z": 1
    },
    "G12": {
      "depth": 13.91,
      "shape": "circular",
      "diameter": 5.46,
      "totalLiquidVolume": 200,
      "x": 113,
      "y": 19,
      "z": 1
    },
    "F12": {
      "depth": 13.91,
      "shape": "circular",
      "diameter": 5.46,
      "totalLiquidVolume": 200,
      "x": 113,
      "y": 28,
      "z": 1
    },
    "E12": {
      "depth": 13.91,
      "shape": "circular",
      "diameter": 5.46,
      "totalLiquidVolume": 200,
      "x": 113,
      "y": 37,
      "z": 1
    },
    "D12": {
      "depth": 13.91,
      "shape": "circular",
      "diameter": 5.46,
      "totalLiquidVolume": 200,
      "x": 113,
      "y": 46,
      "z": 1
    },
    "C12": {
      "depth": 13.91,
      "shape": "circular",
      "diameter": 5.46,
      "totalLiquidVolume": 200,
      "x": 113,
      "y": 55,
      "z": 1
    },
    "B12": {
      "depth": 13.91,
      "shape": "circular",
      "diameter": 5.46,
      "totalLiquidVolume": 200,
      "x": 113,
      "y": 64,
      "z": 1
    },
    "A12": {
      "depth": 13.91,
      "shape": "circular",
      "diameter": 5.46,
      "totalLiquidVolume": 200,
      "x": 113,
      "y": 73,
      "z": 1
    }
  },
  "groups": [
    {
      "metadata": {
        "displayName": "Parhelia skirted 96-well plate",
        "displayCategory": "wellPlate",
        "wellBottomShape": "v"
      },
      "brand": {
        "brand": "Parhelia",
        "brandId": [
          "Parhelia skirted 96-well plate"
        ]
      },
      "wells": [
        "A1",
        "B1",
        "C1",
        "D1",
        "E1",
        "F1",
        "G1",
        "H1",
        "A2",
        "B2",
        "C2",
        "D2",
        "E2",
        "F2",
        "G2",
        "H2",
        "A3",
        "B3",
        "C3",
        "D3",
        "E3",
        "F3",
        "G3",
        "H3",
        "A4",
        "B4",
        "C4",
        "D4",
        "E4",
        "F4",
        "G4",
        "H4",
        "A5",
        "B5",
        "C5",
        "D5",
        "E5",
        "F5",
        "G5",
        "H5",
        "A6",
        "B6",
        "C6",
        "D6",
        "E6",
        "F6",
        "G6",
        "H6",
        "A7",
        "B7",
        "C7",
        "D7",
        "E7",
        "F7",
        "G7",
        "H7",
        "A8",
        "B8",
        "C8",
        "D8",
        "E8",
        "F8",
        "G8",
        "H8",
        "A9",
        "B9",
        "C9",
        "D9",
        "E9",
        "F9",
        "G9",
        "H9",
        "A10",
        "B10",
        "C10",
        "D10",
        "E10",
        "F10",
        "G10",
        "H10",
        "A11",
        "B11",
        "C11",
        "D11",
        "E11",
        "F11",
        "G11",
        "H11",
        "A12",
        "B12",
        "C12",
        "D12",
        "E12",
        "F12",
        "G12",
        "H12"
      ]
    }
  ],
  "parameters": {
    "format": "irregular",
    "quirks": [],
    "isTiprack": false,
    "isMagneticModuleCompatible": false,
    "loadName": "parhelia_skirted_96"
  },
  "namespace": "custom_beta",
  "version": 1,
  "schemaVersion": 2,
  "cornerOffsetFromSlot": {
    "x": 0,
    "y": 2,
    "z": 0.3
  }
}
